"0xe01a963bdd48959e467a04dd2314431f27f60276",
"0xe01a963bdd48959e467a04dd2314431f27f60276",
"0xe01a963bdd48959e467a04dd2314431f27f60276",
"0xe01a963bdd48959e467a04dd2314431f27f60276",
"0xe01a963bdd48959e467a04dd2314431f27f60276",
"0xe01a963bdd48959e467a04dd2314431f27f60276",
"0xe01a963bdd48959e467a04dd2314431f27f60276",
"0xc47ac3dd8b3fcd13c21d567d641a74b7272d5f78",
"0xc47ac3dd8b3fcd13c21d567d641a74b7272d5f78",
"0xc47ac3dd8b3fcd13c21d567d641a74b7272d5f78",
"0xc47ac3dd8b3fcd13c21d567d641a74b7272d5f78",
"0xc47ac3dd8b3fcd13c21d567d641a74b7272d5f78",
"0xc47ac3dd8b3fcd13c21d567d641a74b7272d5f78",
"0xc47ac3dd8b3fcd13c21d567d641a74b7272d5f78",
"0xc47ac3dd8b3fcd13c21d567d641a74b7272d5f78",
"0xc47ac3dd8b3fcd13c21d567d641a74b7272d5f78",
"0xc47ac3dd8b3fcd13c21d567d641a74b7272d5f78",
"0xc47ac3dd8b3fcd13c21d567d641a74b7272d5f78",
"0xc47ac3dd8b3fcd13c21d567d641a74b7272d5f78",
"0xc47ac3dd8b3fcd13c21d567d641a74b7272d5f78",
"0xc47ac3dd8b3fcd13c21d567d641a74b7272d5f78",
"0xe01a963bdd48959e467a04dd2314431f27f60276",
"0xe01a963bdd48959e467a04dd2314431f27f60276",
"0xe01a963bdd48959e467a04dd2314431f27f60276",
"0xe01a963bdd48959e467a04dd2314431f27f60276",
"0xe01a963bdd48959e467a04dd2314431f27f60276",
"0xe01a963bdd48959e467a04dd2314431f27f60276",
"0xc47ac3dd8b3fcd13c21d567d641a74b7272d5f78",
"0xc47ac3dd8b3fcd13c21d567d641a74b7272d5f78",
"0xc47ac3dd8b3fcd13c21d567d641a74b7272d5f78",
"0xc47ac3dd8b3fcd13c21d567d641a74b7272d5f78",
"0xc47ac3dd8b3fcd13c21d567d641a74b7272d5f78",
"0xc47ac3dd8b3fcd13c21d567d641a74b7272d5f78",
"0xc47ac3dd8b3fcd13c21d567d641a74b7272d5f78",
"0xc47ac3dd8b3fcd13c21d567d641a74b7272d5f78",
"0xc47ac3dd8b3fcd13c21d567d641a74b7272d5f78",
"0xc47ac3dd8b3fcd13c21d567d641a74b7272d5f78",
"0xc47ac3dd8b3fcd13c21d567d641a74b7272d5f78",
"0xc47ac3dd8b3fcd13c21d567d641a74b7272d5f78",
"0xc47ac3dd8b3fcd13c21d567d641a74b7272d5f78",
"0xc47ac3dd8b3fcd13c21d567d641a74b7272d5f78",
"0xc47ac3dd8b3fcd13c21d567d641a74b7272d5f78",
"0xc47ac3dd8b3fcd13c21d567d641a74b7272d5f78",
"0xc47ac3dd8b3fcd13c21d567d641a74b7272d5f78",
"0xc47ac3dd8b3fcd13c21d567d641a74b7272d5f78",
"0xc47ac3dd8b3fcd13c21d567d641a74b7272d5f78",
"0xc47ac3dd8b3fcd13c21d567d641a74b7272d5f78",
"0xc47ac3dd8b3fcd13c21d567d641a74b7272d5f78",
"0xc47ac3dd8b3fcd13c21d567d641a74b7272d5f78",
"0xc47ac3dd8b3fcd13c21d567d641a74b7272d5f78",
"0xc47ac3dd8b3fcd13c21d567d641a74b7272d5f78",
"0xc47ac3dd8b3fcd13c21d567d641a74b7272d5f78",
"0xc47ac3dd8b3fcd13c21d567d641a74b7272d5f78",
"0xc47ac3dd8b3fcd13c21d567d641a74b7272d5f78",
"0xc47ac3dd8b3fcd13c21d567d641a74b7272d5f78",
"0xc47ac3dd8b3fcd13c21d567d641a74b7272d5f78",
"0xc47ac3dd8b3fcd13c21d567d641a74b7272d5f78",
"0xc47ac3dd8b3fcd13c21d567d641a74b7272d5f78",
"0xc47ac3dd8b3fcd13c21d567d641a74b7272d5f78",
"0xc47ac3dd8b3fcd13c21d567d641a74b7272d5f78",
"0xc47ac3dd8b3fcd13c21d567d641a74b7272d5f78",
"0xc47ac3dd8b3fcd13c21d567d641a74b7272d5f78",
"0xc47ac3dd8b3fcd13c21d567d641a74b7272d5f78",
"0xc47ac3dd8b3fcd13c21d567d641a74b7272d5f78",
"0xc47ac3dd8b3fcd13c21d567d641a74b7272d5f78",
"0xc47ac3dd8b3fcd13c21d567d641a74b7272d5f78",
"0xc47ac3dd8b3fcd13c21d567d641a74b7272d5f78",
"0xc47ac3dd8b3fcd13c21d567d641a74b7272d5f78",
"0xc47ac3dd8b3fcd13c21d567d641a74b7272d5f78",
"0xc47ac3dd8b3fcd13c21d567d641a74b7272d5f78",
"0xc47ac3dd8b3fcd13c21d567d641a74b7272d5f78",
"0xc47ac3dd8b3fcd13c21d567d641a74b7272d5f78",
"0xc47ac3dd8b3fcd13c21d567d641a74b7272d5f78",
"0xc47ac3dd8b3fcd13c21d567d641a74b7272d5f78",
"0xc47ac3dd8b3fcd13c21d567d641a74b7272d5f78",
"0xc47ac3dd8b3fcd13c21d567d641a74b7272d5f78",
"0xc47ac3dd8b3fcd13c21d567d641a74b7272d5f78",
"0xc47ac3dd8b3fcd13c21d567d641a74b7272d5f78",
"0xc47ac3dd8b3fcd13c21d567d641a74b7272d5f78",
"0xc47ac3dd8b3fcd13c21d567d641a74b7272d5f78",
"0xc47ac3dd8b3fcd13c21d567d641a74b7272d5f78",
"0xc47ac3dd8b3fcd13c21d567d641a74b7272d5f78",
"0xc47ac3dd8b3fcd13c21d567d641a74b7272d5f78",
"0xc47ac3dd8b3fcd13c21d567d641a74b7272d5f78",
"0xc47ac3dd8b3fcd13c21d567d641a74b7272d5f78",
"0xc47ac3dd8b3fcd13c21d567d641a74b7272d5f78",
"0xc47ac3dd8b3fcd13c21d567d641a74b7272d5f78",
"0xc47ac3dd8b3fcd13c21d567d641a74b7272d5f78",
"0xc47ac3dd8b3fcd13c21d567d641a74b7272d5f78",
"0xc47ac3dd8b3fcd13c21d567d641a74b7272d5f78",
"0xc47ac3dd8b3fcd13c21d567d641a74b7272d5f78",
"0xc47ac3dd8b3fcd13c21d567d641a74b7272d5f78",
"0xc47ac3dd8b3fcd13c21d567d641a74b7272d5f78",
"0xc47ac3dd8b3fcd13c21d567d641a74b7272d5f78",
"0xc47ac3dd8b3fcd13c21d567d641a74b7272d5f78",
"0xc47ac3dd8b3fcd13c21d567d641a74b7272d5f78",
"0xc47ac3dd8b3fcd13c21d567d641a74b7272d5f78",
"0xc47ac3dd8b3fcd13c21d567d641a74b7272d5f78",
"0xc47ac3dd8b3fcd13c21d567d641a74b7272d5f78",
"0xc47ac3dd8b3fcd13c21d567d641a74b7272d5f78",
"0xc47ac3dd8b3fcd13c21d567d641a74b7272d5f78",
"0xc47ac3dd8b3fcd13c21d567d641a74b7272d5f78",
"0xc47ac3dd8b3fcd13c21d567d641a74b7272d5f78",
"0xc47ac3dd8b3fcd13c21d567d641a74b7272d5f78",
"0xc47ac3dd8b3fcd13c21d567d641a74b7272d5f78",
"0xc47ac3dd8b3fcd13c21d567d641a74b7272d5f78",
"0xc47ac3dd8b3fcd13c21d567d641a74b7272d5f78",
"0xe01a963bdd48959e467a04dd2314431f27f60276",
"0xe01a963bdd48959e467a04dd2314431f27f60276",
"0xe01a963bdd48959e467a04dd2314431f27f60276",
"0xc47ac3dd8b3fcd13c21d567d641a74b7272d5f78",
"0xc47ac3dd8b3fcd13c21d567d641a74b7272d5f78",
"0xc47ac3dd8b3fcd13c21d567d641a74b7272d5f78",
"0xc47ac3dd8b3fcd13c21d567d641a74b7272d5f78",
"0xc47ac3dd8b3fcd13c21d567d641a74b7272d5f78",
"0xc47ac3dd8b3fcd13c21d567d641a74b7272d5f78",
"0xc47ac3dd8b3fcd13c21d567d641a74b7272d5f78",
"0xc47ac3dd8b3fcd13c21d567d641a74b7272d5f78",
"0xe01a963bdd48959e467a04dd2314431f27f60276",
"0xe01a963bdd48959e467a04dd2314431f27f60276",
"0xe01a963bdd48959e467a04dd2314431f27f60276", 
"0xe01a963bdd48959e467a04dd2314431f27f60276",
"0xe01a963bdd48959e467a04dd2314431f27f60276",
"0xc47ac3dd8b3fcd13c21d567d641a74b7272d5f78",
"0xc47ac3dd8b3fcd13c21d567d641a74b7272d5f78",
"0xc47ac3dd8b3fcd13c21d567d641a74b7272d5f78",
"0xc47ac3dd8b3fcd13c21d567d641a74b7272d5f78",
"0xc47ac3dd8b3fcd13c21d567d641a74b7272d5f78",
"0xc47ac3dd8b3fcd13c21d567d641a74b7272d5f78",
"0xc47ac3dd8b3fcd13c21d567d641a74b7272d5f78",
"0xc47ac3dd8b3fcd13c21d567d641a74b7272d5f78",
"0xc47ac3dd8b3fcd13c21d567d641a74b7272d5f78",
"0xc47ac3dd8b3fcd13c21d567d641a74b7272d5f78",
"0xc47ac3dd8b3fcd13c21d567d641a74b7272d5f78",
"0xc47ac3dd8b3fcd13c21d567d641a74b7272d5f78",
"0xc47ac3dd8b3fcd13c21d567d641a74b7272d5f78",
"0xc47ac3dd8b3fcd13c21d567d641a74b7272d5f78",
"0xc47ac3dd8b3fcd13c21d567d641a74b7272d5f78",
"0xc47ac3dd8b3fcd13c21d567d641a74b7272d5f78",
"0xc47ac3dd8b3fcd13c21d567d641a74b7272d5f78",
"0xc47ac3dd8b3fcd13c21d567d641a74b7272d5f78",
"0xc47ac3dd8b3fcd13c21d567d641a74b7272d5f78",
"0xc47ac3dd8b3fcd13c21d567d641a74b7272d5f78",
"0xc47ac3dd8b3fcd13c21d567d641a74b7272d5f78",
"0xc47ac3dd8b3fcd13c21d567d641a74b7272d5f78",
"0x01fb8f7d19a1d6ab892ee6593cd5b15f69f2e199",
"0x01fb8f7d19a1d6ab892ee6593cd5b15f69f2e199",
"0x01fb8f7d19a1d6ab892ee6593cd5b15f69f2e199",
"0x01fb8f7d19a1d6ab892ee6593cd5b15f69f2e199",
"0x01fb8f7d19a1d6ab892ee6593cd5b15f69f2e199",
"0x01fb8f7d19a1d6ab892ee6593cd5b15f69f2e199",
"0x01fb8f7d19a1d6ab892ee6593cd5b15f69f2e199",
"0xc47ac3dd8b3fcd13c21d567d641a74b7272d5f78",
"0xe01a963bdd48959e467a04dd2314431f27f60276",
"0xe01a963bdd48959e467a04dd2314431f27f60276",
"0xe01a963bdd48959e467a04dd2314431f27f60276",
"0xe01a963bdd48959e467a04dd2314431f27f60276",
"0xe01a963bdd48959e467a04dd2314431f27f60276",
"0xe01a963bdd48959e467a04dd2314431f27f60276",
"0xe01a963bdd48959e467a04dd2314431f27f60276",
"0xe01a963bdd48959e467a04dd2314431f27f60276",
"0xe01a963bdd48959e467a04dd2314431f27f60276",
"0xe01a963bdd48959e467a04dd2314431f27f60276",
"0x01fb8f7d19a1d6ab892ee6593cd5b15f69f2e199",
"0xe01a963bdd48959e467a04dd2314431f27f60276",
"0xe01a963bdd48959e467a04dd2314431f27f60276",
"0xe01a963bdd48959e467a04dd2314431f27f60276",
"0xe01a963bdd48959e467a04dd2314431f27f60276",
"0xe01a963bdd48959e467a04dd2314431f27f60276",
"0xe01a963bdd48959e467a04dd2314431f27f60276",
"0x01fb8f7d19a1d6ab892ee6593cd5b15f69f2e199",
"0xc47ac3dd8b3fcd13c21d567d641a74b7272d5f78",
"0xe01a963bdd48959e467a04dd2314431f27f60276",
"0xe01a963bdd48959e467a04dd2314431f27f60276",
"0xe01a963bdd48959e467a04dd2314431f27f60276",
"0xe01a963bdd48959e467a04dd2314431f27f60276",
"0xe01a963bdd48959e467a04dd2314431f27f60276",
"0x01fb8f7d19a1d6ab892ee6593cd5b15f69f2e199",
"0x01fb8f7d19a1d6ab892ee6593cd5b15f69f2e199",
"0x01fb8f7d19a1d6ab892ee6593cd5b15f69f2e199",
"0x01fb8f7d19a1d6ab892ee6593cd5b15f69f2e199",
"0xc47ac3dd8b3fcd13c21d567d641a74b7272d5f78",
"0xe01a963bdd48959e467a04dd2314431f27f60276",
"0xc47ac3dd8b3fcd13c21d567d641a74b7272d5f78",
"0x01fb8f7d19a1d6ab892ee6593cd5b15f69f2e199",
"0xe01a963bdd48959e467a04dd2314431f27f60276",
"0x80f20b8de26ce786e2639c44fa68f685c58aa97d",
"0x80f20b8de26ce786e2639c44fa68f685c58aa97d",
"0x80f20b8de26ce786e2639c44fa68f685c58aa97d",
"0x01fb8f7d19a1d6ab892ee6593cd5b15f69f2e199",
"0x80f20b8de26ce786e2639c44fa68f685c58aa97d",
"0xc47ac3dd8b3fcd13c21d567d641a74b7272d5f78",
"0xe01a963bdd48959e467a04dd2314431f27f60276",
"0xe01a963bdd48959e467a04dd2314431f27f60276",
"0xe01a963bdd48959e467a04dd2314431f27f60276",
"0xe01a963bdd48959e467a04dd2314431f27f60276",
"0xe01a963bdd48959e467a04dd2314431f27f60276",
"0xe01a963bdd48959e467a04dd2314431f27f60276",
"0xe01a963bdd48959e467a04dd2314431f27f60276",
"0x80f20b8de26ce786e2639c44fa68f685c58aa97d",
"0xe01a963bdd48959e467a04dd2314431f27f60276",
"0xe01a963bdd48959e467a04dd2314431f27f60276",
"0xe01a963bdd48959e467a04dd2314431f27f60276",
"0xe01a963bdd48959e467a04dd2314431f27f60276",
"0xe01a963bdd48959e467a04dd2314431f27f60276",
"0xe01a963bdd48959e467a04dd2314431f27f60276",
"0xe01a963bdd48959e467a04dd2314431f27f60276",
"0xe01a963bdd48959e467a04dd2314431f27f60276",
"0xe01a963bdd48959e467a04dd2314431f27f60276",
"0xe01a963bdd48959e467a04dd2314431f27f60276",
"0xe01a963bdd48959e467a04dd2314431f27f60276",
"0xe01a963bdd48959e467a04dd2314431f27f60276",
"0xe01a963bdd48959e467a04dd2314431f27f60276",
"0xe01a963bdd48959e467a04dd2314431f27f60276",
"0xe01a963bdd48959e467a04dd2314431f27f60276",
"0xe01a963bdd48959e467a04dd2314431f27f60276",
"0xe01a963bdd48959e467a04dd2314431f27f60276",
"0xe01a963bdd48959e467a04dd2314431f27f60276",
"0xe01a963bdd48959e467a04dd2314431f27f60276",
"0xe01a963bdd48959e467a04dd2314431f27f60276",
"0xe01a963bdd48959e467a04dd2314431f27f60276",
"0x404f0fa265e92198b7e3d332163aeecee0cffa95",
"0xe01a963bdd48959e467a04dd2314431f27f60276",
"0xe01a963bdd48959e467a04dd2314431f27f60276",
"0xe01a963bdd48959e467a04dd2314431f27f60276",
"0xe01a963bdd48959e467a04dd2314431f27f60276",
"0xe01a963bdd48959e467a04dd2314431f27f60276",
"0xe01a963bdd48959e467a04dd2314431f27f60276",
"0xe01a963bdd48959e467a04dd2314431f27f60276",
"0xe01a963bdd48959e467a04dd2314431f27f60276",
"0xe01a963bdd48959e467a04dd2314431f27f60276",
"0xe01a963bdd48959e467a04dd2314431f27f60276",
"0xe01a963bdd48959e467a04dd2314431f27f60276",
"0xe01a963bdd48959e467a04dd2314431f27f60276",
"0xe01a963bdd48959e467a04dd2314431f27f60276",
"0xe01a963bdd48959e467a04dd2314431f27f60276",
"0xe01a963bdd48959e467a04dd2314431f27f60276",
